timestamp,name,url,title,price,currency
2025-08-27T08:55:20.785715,A Light in the Attic,https://books.toscrape.com/catalogue/a-light-in-the-attic_1000/index.html,A Light in the Attic,51.77,£
2025-08-27T09:00:10.682879+00:00,A Light in the Attic,https://books.toscrape.com/catalogue/a-light-in-the-attic_1000/index.html,A Light in the Attic,51.77,£
2025-08-27T09:04:41.016386+00:00,A Light in the Attic,https://books.toscrape.com/catalogue/a-light-in-the-attic_1000/index.html,A Light in the Attic,51.77,£
2025-08-27T09:12:03.706692+00:00,A Light in the Attic,https://books.toscrape.com/catalogue/a-light-in-the-attic_1000/index.html,A Light in the Attic,51.77,£
